<?xml version="1.0" encoding="UTF-8"?>
<root>
  <item name="com.jess.arms.exceptiontool.config.CaocConfig int getBackgroundMode()">
    <annotation name="android.support.annotation.IntDef">
      <val name="value" val="{com.jess.arms.exceptiontool.config.CaocConfig.BACKGROUND_MODE_CRASH, com.jess.arms.exceptiontool.config.CaocConfig.BACKGROUND_MODE_SHOW_CUSTOM, com.jess.arms.exceptiontool.config.CaocConfig.BACKGROUND_MODE_SILENT}" />
    </annotation>
  </item>
  <item name="com.jess.arms.exceptiontool.config.CaocConfig void setBackgroundMode(int) 0">
    <annotation name="android.support.annotation.IntDef">
      <val name="value" val="{com.jess.arms.exceptiontool.config.CaocConfig.BACKGROUND_MODE_CRASH, com.jess.arms.exceptiontool.config.CaocConfig.BACKGROUND_MODE_SHOW_CUSTOM, com.jess.arms.exceptiontool.config.CaocConfig.BACKGROUND_MODE_SILENT}" />
    </annotation>
  </item>
  <item name="com.jess.arms.exceptiontool.config.CaocConfig.Builder com.jess.arms.exceptiontool.config.CaocConfig.Builder backgroundMode(int) 0">
    <annotation name="android.support.annotation.IntDef">
      <val name="value" val="{com.jess.arms.exceptiontool.config.CaocConfig.BACKGROUND_MODE_CRASH, com.jess.arms.exceptiontool.config.CaocConfig.BACKGROUND_MODE_SHOW_CUSTOM, com.jess.arms.exceptiontool.config.CaocConfig.BACKGROUND_MODE_SILENT}" />
    </annotation>
  </item>
</root>

